{"epoch": 2, "loss": 1.2295758724212646, "_timestamp": 1671763435.4228477, "_runtime": 159.52012467384338, "_step": 14999, "gradients/fc3.bias": {"_type": "histogram", "values": [2.0, 0.0, 0.0, 0.0, 0.0, 0.0, 0.0, 0.0, 0.0, 0.0, 0.0, 0.0, 0.0, 0.0, 0.0, 0.0, 0.0, 0.0, 0.0, 0.0, 0.0, 0.0, 0.0, 0.0, 1.0, 1.0, 0.0, 0.0, 0.0, 0.0, 1.0, 0.0, 0.0, 0.0, 0.0, 0.0, 1.0, 0.0, 1.0, 0.0, 0.0, 0.0, 0.0, 1.0, 0.0, 0.0, 1.0, 0.0, 0.0, 0.0, 0.0, 0.0, 0.0, 0.0, 0.0, 0.0, 0.0, 0.0, 0.0, 0.0, 0.0, 0.0, 0.0, 1.0], "bins": [-0.09842574596405029, -0.09525589644908905, -0.09208603948354721, -0.08891618996858597, -0.08574633300304413, -0.08257648348808289, -0.07940663397312164, -0.0762367770075798, -0.07306692004203796, -0.06989707052707672, -0.06672721356153488, -0.06355736404657364, -0.0603875070810318, -0.05721765756607056, -0.054047804325819016, -0.050877951085567474, -0.04770810157060623, -0.04453824833035469, -0.04136839509010315, -0.03819854557514191, -0.03502868860960007, -0.031858839094638824, -0.028688985854387283, -0.025519132614135742, -0.0223492793738842, -0.01917942613363266, -0.01600957289338112, -0.012839721515774727, -0.009669868275523186, -0.006500015035271645, -0.0033301636576652527, -0.00016031041741371155, 0.0030095353722572327, 0.0061793881468474865, 0.00934924092143774, 0.012519093230366707, 0.015688946470618248, 0.01885879971086979, 0.02202865108847618, 0.025198504328727722, 0.028368357568979263, 0.031538210809230804, 0.034708064049482346, 0.03787791728973389, 0.04104776680469513, 0.04421762377023697, 0.04738747328519821, 0.05055732652544975, 0.053727179765701294, 0.056897033005952835, 0.060066886246204376, 0.06323673576116562, 0.06640659272670746, 0.0695764422416687, 0.07274629175662994, 0.07591614872217178, 0.07908600568771362, 0.08225585520267487, 0.0854257121682167, 0.08859556168317795, 0.09176541864871979, 0.09493526816368103, 0.09810511767864227, 0.10127497464418411, 0.10444482415914536]}, "gradients/fc3.weight": {"_type": "histogram", "values": [1.0, 0.0, 0.0, 0.0, 0.0, 1.0, 1.0, 0.0, 1.0, 1.0, 0.0, 0.0, 0.0, 0.0, 1.0, 3.0, 2.0, 3.0, 5.0, 2.0, 3.0, 4.0, 3.0, 8.0, 5.0, 13.0, 13.0, 24.0, 23.0, 23.0, 67.0, 410.0, 94.0, 42.0, 25.0, 14.0, 6.0, 7.0, 6.0, 8.0, 4.0, 4.0, 2.0, 2.0, 3.0, 1.0, 1.0, 0.0, 1.0, 0.0, 0.0, 2.0, 0.0, 0.0, 0.0, 0.0, 0.0, 0.0, 0.0, 0.0, 0.0, 0.0, 0.0, 1.0], "bins": [-0.28113988041877747, -0.27212730050086975, -0.26311472058296204, -0.2541021406650543, -0.2450895458459854, -0.2360769659280777, -0.2270643711090088, -0.21805179119110107, -0.20903921127319336, -0.20002663135528564, -0.19101405143737793, -0.18200145661830902, -0.1729888767004013, -0.1639762967824936, -0.15496370196342468, -0.14595112204551697, -0.13693854212760925, -0.12792596220970154, -0.11891337484121323, -0.10990078747272491, -0.1008882075548172, -0.09187562763690948, -0.08286304026842117, -0.07385045289993286, -0.06483787298202515, -0.05582528933882713, -0.04681270569562912, -0.03780012205243111, -0.028787538409233093, -0.01977495476603508, -0.010762371122837067, -0.0017497837543487549, 0.00726279616355896, 0.016275379806756973, 0.025287963449954987, 0.034300547093153, 0.04331313073635101, 0.052325714379549026, 0.06133829802274704, 0.07035088539123535, 0.07936346530914307, 0.08837604522705078, 0.09738863259553909, 0.1064012199640274, 0.11541379988193512, 0.12442637979984283, 0.13343897461891174, 0.14245155453681946, 0.15146413445472717, 0.1604767143726349, 0.1694892942905426, 0.1785018891096115, 0.18751446902751923, 0.19652704894542694, 0.20553964376449585, 0.21455222368240356, 0.22356480360031128, 0.232577383518219, 0.2415899634361267, 0.2506025433540344, 0.25961512327194214, 0.26862773299217224, 0.27764031291007996, 0.28665289282798767, 0.2956654727458954]}, "gradients/fc2.bias": {"_type": "histogram", "values": [1.0, 0.0, 0.0, 0.0, 0.0, 1.0, 1.0, 0.0, 1.0, 0.0, 0.0, 2.0, 0.0, 1.0, 1.0, 0.0, 3.0, 0.0, 2.0, 0.0, 0.0, 2.0, 1.0, 4.0, 2.0, 4.0, 5.0, 3.0, 3.0, 5.0, 1.0, 12.0, 3.0, 3.0, 2.0, 3.0, 2.0, 2.0, 1.0, 1.0, 3.0, 0.0, 2.0, 2.0, 1.0, 0.0, 1.0, 0.0, 0.0, 1.0, 0.0, 0.0, 0.0, 0.0, 0.0, 0.0, 1.0, 0.0, 0.0, 0.0, 0.0, 0.0, 0.0, 1.0], "bins": [-0.039676666259765625, -0.038416557013988495, -0.03715645149350166, -0.03589634224772453, -0.0346362330019474, -0.03337612748146057, -0.03211601823568344, -0.03085590898990631, -0.02959580160677433, -0.02833569422364235, -0.02707558497786522, -0.025815477594733238, -0.024555370211601257, -0.023295260965824127, -0.022035153582692146, -0.020775046199560165, -0.019514936953783035, -0.018254829570651054, -0.016994720324873924, -0.015734612941741943, -0.014474504627287388, -0.013214396312832832, -0.011954288929700851, -0.010694180615246296, -0.00943407230079174, -0.008173963986337185, -0.006913856137543917, -0.0056537482887506485, -0.004393639974296093, -0.0031335316598415375, -0.0018734238110482693, -0.0006133159622550011, 0.000646788626909256, 0.0019068967085331678, 0.0031670047901570797, 0.004427112638950348, 0.005687220953404903, 0.006947329267859459, 0.00820743665099144, 0.009467544965445995, 0.01072765327990055, 0.011987761594355106, 0.013247869908809662, 0.014507977291941643, 0.015768084675073624, 0.017028193920850754, 0.018288301303982735, 0.019548408687114716, 0.020808517932891846, 0.022068625316023827, 0.023328734561800957, 0.024588841944932938, 0.025848951190710068, 0.02710905857384205, 0.02836916595697403, 0.02962927520275116, 0.03088938258588314, 0.03214948996901512, 0.03340959921479225, 0.03466970846056938, 0.03592981398105621, 0.037189923226833344, 0.038450032472610474, 0.039710137993097305, 0.040970247238874435]}, "gradients/fc2.weight": {"_type": "histogram", "values": [1.0, 0.0, 1.0, 0.0, 0.0, 3.0, 0.0, 1.0, 2.0, 2.0, 1.0, 3.0, 3.0, 5.0, 3.0, 6.0, 8.0, 12.0, 14.0, 7.0, 22.0, 21.0, 28.0, 27.0, 42.0, 46.0, 78.0, 108.0, 143.0, 198.0, 331.0, 543.0, 1000.0, 5141.0, 1037.0, 404.0, 246.0, 148.0, 111.0, 74.0, 42.0, 50.0, 27.0, 28.0, 29.0, 16.0, 16.0, 10.0, 7.0, 7.0, 6.0, 5.0, 2.0, 3.0, 1.0, 3.0, 2.0, 1.0, 1.0, 1.0, 1.0, 1.0, 0.0, 1.0], "bins": [-0.1260676234960556, -0.1223212406039238, -0.11857485771179199, -0.11482847481966019, -0.11108209192752838, -0.10733570903539658, -0.10358932614326477, -0.09984294325113297, -0.09609656035900116, -0.09235017746686935, -0.08860379457473755, -0.08485741168260574, -0.08111102879047394, -0.07736464589834213, -0.07361826300621033, -0.06987188011407852, -0.06612549722194672, -0.06237911432981491, -0.058632731437683105, -0.0548863485455513, -0.051139965653419495, -0.04739358276128769, -0.043647199869155884, -0.03990081697702408, -0.03615443408489227, -0.03240805119276047, -0.028661668300628662, -0.024915285408496857, -0.02116890251636505, -0.017422519624233246, -0.01367613673210144, -0.009929753839969635, -0.006183363497257233, -0.0024369806051254272, 0.0013094022870063782, 0.005055785179138184, 0.008802168071269989, 0.012548550963401794, 0.0162949338555336, 0.020041316747665405, 0.02378769963979721, 0.027534082531929016, 0.03128046542406082, 0.03502684831619263, 0.03877323120832443, 0.04251961410045624, 0.04626599699258804, 0.05001237988471985, 0.053758762776851654, 0.05750514566898346, 0.061251528561115265, 0.06499791145324707, 0.06874429434537888, 0.07249067723751068, 0.07623706012964249, 0.07998344302177429, 0.0837298259139061, 0.0874762088060379, 0.09122259169816971, 0.09496897459030151, 0.09871535748243332, 0.10246174037456512, 0.10620812326669693, 0.10995450615882874, 0.11370088905096054]}, "gradients/fc1.bias": {"_type": "histogram", "values": [1.0, 0.0, 0.0, 0.0, 0.0, 0.0, 1.0, 1.0, 0.0, 0.0, 1.0, 2.0, 1.0, 0.0, 2.0, 2.0, 0.0, 1.0, 3.0, 1.0, 0.0, 0.0, 2.0, 5.0, 5.0, 2.0, 8.0, 6.0, 7.0, 4.0, 21.0, 3.0, 6.0, 9.0, 2.0, 1.0, 5.0, 0.0, 2.0, 0.0, 3.0, 2.0, 0.0, 2.0, 0.0, 0.0, 0.0, 2.0, 1.0, 1.0, 0.0, 0.0, 0.0, 2.0, 0.0, 0.0, 1.0, 1.0, 0.0, 0.0, 0.0, 0.0, 0.0, 1.0],