{"epoch": 2, "loss": 1.0606634616851807, "_timestamp": 1671768712.9893808, "_runtime": 124.27110195159912, "_step": 15011, "gradients/fc3.bias": {"_type": "histogram", "values": [1.0, 0.0, 0.0, 0.0, 0.0, 0.0, 0.0, 0.0, 1.0, 0.0, 0.0, 0.0, 0.0, 1.0, 0.0, 0.0, 0.0, 0.0, 0.0, 0.0, 0.0, 0.0, 1.0, 0.0, 0.0, 0.0, 1.0, 1.0, 0.0, 0.0, 0.0, 0.0, 0.0, 0.0, 0.0, 0.0, 0.0, 0.0, 0.0, 0.0, 1.0, 0.0, 1.0, 0.0, 0.0, 0.0, 0.0, 0.0, 0.0, 0.0, 1.0, 0.0, 0.0, 0.0, 0.0, 0.0, 0.0, 0.0, 0.0, 0.0, 0.0, 0.0, 0.0, 1.0], "bins": [-0.06007474288344383, -0.05803554132580757, -0.05599633604288101, -0.05395713448524475, -0.05191793292760849, -0.04987872764468193, -0.04783952608704567, -0.04580032080411911, -0.04376111924648285, -0.04172191768884659, -0.03968271240592003, -0.03764351084828377, -0.03560430556535721, -0.03356510400772095, -0.031525902450084686, -0.029486699029803276, -0.027447495609521866, -0.025408292189240456, -0.023369088768959045, -0.021329887211322784, -0.019290683791041374, -0.017251480370759964, -0.015212277881801128, -0.013173075392842293, -0.011133871972560883, -0.009094668552279472, -0.007055466063320637, -0.005016263108700514, -0.002977060154080391, -0.0009378567337989807, 0.0011013457551598549, 0.0031405482441186905, 0.005179747939109802, 0.007218950893729925, 0.009258153848350048, 0.011297356337308884, 0.013336559757590294, 0.015375763177871704, 0.017414964735507965, 0.019454168155789375, 0.021493371576070786, 0.023532574996352196, 0.025571778416633606, 0.027610979974269867, 0.029650183394551277, 0.03168938681483269, 0.03372858837246895, 0.03576779365539551, 0.03780699521303177, 0.03984619677066803, 0.04188540205359459, 0.04392460361123085, 0.04596380889415741, 0.04800301045179367, 0.05004221200942993, 0.05208141356706619, 0.05412061884999275, 0.05615982040762901, 0.05819902569055557, 0.060238227248191833, 0.062277428805828094, 0.06431663036346436, 0.06635583937168121, 0.06839504092931747, 0.07043424248695374]}, "gradients/fc3.weight": {"_type": "histogram", "values": [1.0, 0.0, 0.0, 0.0, 2.0, 0.0, 0.0, 0.0, 0.0, 0.0, 0.0, 2.0, 0.0, 1.0, 1.0, 1.0, 0.0, 1.0, 1.0, 3.0, 2.0, 1.0, 5.0, 0.0, 4.0, 2.0, 0.0, 2.0, 3.0, 6.0, 5.0, 4.0, 12.0, 16.0, 7.0, 19.0, 20.0, 17.0, 29.0, 40.0, 41.0, 168.0, 141.0, 70.0, 62.0, 37.0, 26.0, 16.0, 13.0, 18.0, 8.0, 5.0, 6.0, 3.0, 6.0, 4.0, 1.0, 3.0, 0.0, 0.0, 1.0, 0.0, 2.0, 2.0], "bins": [-0.1843460351228714, -0.1798994243144989, -0.1754527986049652, -0.1710061877965927, -0.16655957698822021, -0.16211295127868652, -0.15766634047031403, -0.15321972966194153, -0.14877310395240784, -0.14432649314403534, -0.13987986743450165, -0.13543325662612915, -0.13098664581775665, -0.12654002010822296, -0.12209340929985046, -0.11764679104089737, -0.11320018023252487, -0.10875356197357178, -0.10430695116519928, -0.09986033290624619, -0.09541371464729309, -0.0909671038389206, -0.0865204855799675, -0.0820738673210144, -0.0776272565126419, -0.07318063825368881, -0.06873402744531631, -0.06428740918636322, -0.059840790927410126, -0.05539417639374733, -0.050947561860084534, -0.04650094360113144, -0.04205431789159775, -0.03760770335793495, -0.03316108509898186, -0.02871447056531906, -0.024267854169011116, -0.01982123777270317, -0.015374623239040375, -0.01092800684273243, -0.006481390446424484, -0.0020347745157778263, 0.0024118414148688316, 0.006858456879854202, 0.011305073276162148, 0.015751689672470093, 0.02019830420613289, 0.024644920602440834, 0.02909153699874878, 0.033538151532411575, 0.03798476979136467, 0.042431384325027466, 0.04687800258398056, 0.051324617117643356, 0.05577123165130615, 0.06021784991025925, 0.06466446816921234, 0.06911108642816544, 0.07355769723653793, 0.07800431549549103, 0.08245093375444412, 0.08689755201339722, 0.09134416282176971, 0.09579078108072281, 0.1002373918890953]}, "gradients/fc2.bias": {"_type": "histogram", "values": [1.0, 0.0, 0.0, 2.0, 1.0, 0.0, 0.0, 0.0, 1.0, 0.0, 2.0, 1.0, 1.0, 2.0, 3.0, 1.0, 0.0, 1.0, 1.0, 0.0, 1.0, 4.0, 0.0, 3.0, 2.0, 2.0, 3.0, 2.0, 0.0, 4.0, 1.0, 4.0, 7.0, 2.0, 8.0, 2.0, 1.0, 2.0, 3.0, 0.0, 0.0, 4.0, 1.0, 1.0, 1.0, 1.0, 3.0, 1.0, 1.0, 1.0, 0.0, 0.0, 0.0, 0.0, 0.0, 1.0, 0.0, 0.0, 0.0, 0.0, 0.0, 0.0, 0.0, 1.0], "bins": [-0.03591596335172653, -0.034881360828876495, -0.03384675458073616, -0.032812148332595825, -0.03177754580974579, -0.030742941424250603, -0.029708337038755417, -0.02867373265326023, -0.027639128267765045, -0.02660452388226986, -0.025569919496774673, -0.024535315111279488, -0.023500710725784302, -0.022466106340289116, -0.02143150195479393, -0.020396897569298744, -0.01936229318380356, -0.018327688798308372, -0.017293084412813187, -0.016258480027318, -0.015223875641822815, -0.014189271256327629, -0.013154666870832443, -0.012120062485337257, -0.011085458099842072, -0.010050853714346886, -0.0090162493288517, -0.007981644943356514, -0.006947040557861328, -0.005912436172366142, -0.004877831786870956, -0.0038432274013757706, -0.0028086230158805847, -0.0017740186303853989, -0.000739414244890213, 0.00029519014060497284, 0.0013297945261001587, 0.0023643989115953445, 0.0033990032970905304, 0.004433607682585716, 0.005468212068080902, 0.006502816453576088, 0.007537420839071274, 0.00857202522456646, 0.009606629610061646, 0.010641233995556831, 0.011675838381052017, 0.012710442766547203, 0.013745047152042389, 0.014779651537537575, 0.01581425592303276, 0.016848860308527946, 0.017883464694023132, 0.018918069079518318, 0.019952673465013504, 0.02098727785050869, 0.022021882236003876, 0.02305648662149906, 0.024091091006994247, 0.025125695392489433, 0.02616029977798462, 0.027194904163479805, 0.02822950854897499, 0.029264112934470177, 0.030298717319965363]}, "gradients/fc2.weight": {"_type": "histogram", "values": [2.0, 1.0, 0.0, 0.0, 1.0, 0.0, 1.0, 0.0, 3.0, 9.0, 4.0, 5.0, 6.0, 16.0, 15.0, 21.0, 24.0, 24.0, 31.0, 38.0, 52.0, 53.0, 70.0, 101.0, 124.0, 147.0, 180.0, 220.0, 283.0, 394.0, 484.0, 679.0, 1033.0, 3688.0, 738.0, 460.0, 324.0, 208.0, 185.0, 103.0, 94.0, 66.0, 46.0, 38.0, 23.0, 18.0, 17.0, 14.0, 10.0, 7.0, 4.0, 4.0, 4.0, 1.0, 1.0, 2.0, 1.0, 2.0, 0.0, 0.0, 0.0, 0.0, 0.0, 1.0], "bins": [-0.08570727705955505, -0.08313179761171341, -0.08055632561445236, -0.07798084616661072, -0.07540537416934967, -0.07282989472150803, -0.07025441527366638, -0.06767894327640533, -0.06510346382856369, -0.06252798438072205, -0.059952512383461, -0.057377032935619354, -0.05480155721306801, -0.05222608149051666, -0.04965060204267502, -0.04707512632012367, -0.04449965059757233, -0.04192417487502098, -0.039348699152469635, -0.03677321970462799, -0.034197743982076645, -0.0316222682595253, -0.029046790674328804, -0.02647131308913231, -0.023895837366580963, -0.021320361644029617, -0.018744884058833122, -0.016169406473636627, -0.013593930751085281, -0.011018454097211361, -0.00844297744333744, -0.0058674998581409454, -0.0032920315861701965, -0.0007165549322962761, 0.0018589217215776443, 0.004434398375451565, 0.007009875029325485, 0.009585351683199406, 0.012160828337073326, 0.014736305922269821, 0.017311781644821167, 0.019887257367372513, 0.022462734952569008, 0.025038212537765503, 0.02761368826031685, 0.030189163982868195, 0.03276464343070984, 0.035340119153261185, 0.03791559487581253, 0.040491070598363876, 0.04306654632091522, 0.045642025768756866, 0.04821750149130821, 0.05079297721385956, 0.0533684566617012, 0.05594393238425255, 0.058519408106803894, 0.06109488382935524, 0.06367035955190659, 0.06624583899974823, 0.06882131099700928, 0.07139679044485092, 0.07397226989269257, 0.07654774188995361, 0.07912322133779526]}, "gradients/fc1.bias": {"_type": "histogram", "values": [1.0, 0.0, 0.0, 0.0, 0.0, 0.0, 0.0, 0.0, 0.0, 0.0, 0.0, 0.0, 0.0, 0.0, 1.0, 0.0, 0.0, 1.0, 1.0, 2.0, 1.0, 2.0, 1.0, 2.0, 0.0, 2.0, 1.0, 0.0, 5.0, 1.0, 3.0, 2.0, 4.0, 4.0, 2.0, 2.0, 4.0, 2.0, 1.0, 5.0, 4.0, 5.0, 14.0, 3.0, 4.0, 8.0, 2.0, 7.0, 4.0, 0.0, 1.0, 2.0, 2.0, 2.0, 0.0, 1.0, 0.0, 2.0, 1.0, 2.0, 3.0, 0.0, 0.0, 3.0],