{"epoch": 2, "loss": 1.0725775957107544, "_timestamp": 1671769561.768357, "_runtime": 118.62540793418884, "_step": 15011, "gradients/graph_1fc3.bias": {"_type": "histogram", "values": [1.0, 0.0, 0.0, 1.0, 0.0, 0.0, 0.0, 0.0, 0.0, 0.0, 0.0, 0.0, 0.0, 0.0, 0.0, 0.0, 1.0, 0.0, 0.0, 1.0, 0.0, 0.0, 0.0, 0.0, 0.0, 0.0, 0.0, 1.0, 0.0, 0.0, 0.0, 0.0, 0.0, 0.0, 0.0, 0.0, 0.0, 0.0, 0.0, 1.0, 0.0, 0.0, 0.0, 0.0, 0.0, 0.0, 0.0, 0.0, 0.0, 0.0, 1.0, 0.0, 0.0, 1.0, 0.0, 1.0, 0.0, 0.0, 0.0, 0.0, 0.0, 0.0, 0.0, 1.0], "bins": [-0.07995811849832535, -0.07752706110477448, -0.0750960037112236, -0.07266495376825333, -0.07023389637470245, -0.06780283898115158, -0.06537178158760071, -0.06294072419404984, -0.06050967052578926, -0.05807861313223839, -0.055647559463977814, -0.05321650207042694, -0.05078544467687607, -0.048354391008615494, -0.04592333361506462, -0.04349227994680405, -0.041061222553253174, -0.0386301651597023, -0.03619911149144173, -0.033768054097890854, -0.03133700042963028, -0.028905943036079407, -0.026474885642528534, -0.02404383011162281, -0.021612774580717087, -0.019181719049811363, -0.01675066351890564, -0.014319606125354767, -0.011888550594449043, -0.00945749506354332, -0.0070264386013150215, -0.004595382139086723, -0.0021643340587615967, 0.0002667219378054142, 0.002697777934372425, 0.005128833930939436, 0.007559889927506447, 0.00999094545841217, 0.012422001920640469, 0.014853058382868767, 0.01728411391377449, 0.019715169444680214, 0.022146224975585938, 0.02457728236913681, 0.027008337900042534, 0.029439393430948257, 0.03187045082449913, 0.034301504492759705, 0.03673256188631058, 0.03916361927986145, 0.041594672948122025, 0.0440257303416729, 0.04645678400993347, 0.048887841403484344, 0.05131889879703522, 0.05374995619058609, 0.056181009858846664, 0.05861206725239754, 0.06104312092065811, 0.06347417831420898, 0.06590523570775986, 0.06833629310131073, 0.070767343044281, 0.07319840043783188, 0.07562945783138275]}, "gradients/graph_1fc3.weight": {"_type": "histogram", "values": [1.0, 0.0, 1.0, 0.0, 3.0, 2.0, 3.0, 2.0, 0.0, 2.0, 2.0, 3.0, 2.0, 3.0, 0.0, 2.0, 0.0, 5.0, 7.0, 6.0, 10.0, 3.0, 18.0, 17.0, 22.0, 19.0, 34.0, 33.0, 35.0, 337.0, 93.0, 46.0, 30.0, 27.0, 12.0, 11.0, 8.0, 6.0, 3.0, 6.0, 5.0, 1.0, 2.0, 3.0, 2.0, 1.0, 4.0, 1.0, 1.0, 0.0, 0.0, 1.0, 0.0, 0.0, 1.0, 0.0, 0.0, 0.0, 0.0, 0.0, 2.0, 1.0, 0.0, 1.0], "bins": [-0.27066439390182495, -0.26134923100471497, -0.25203409790992737, -0.24271893501281738, -0.2334037870168686, -0.2240886390209198, -0.21477347612380981, -0.20545832812786102, -0.19614318013191223, -0.18682803213596344, -0.17751288414001465, -0.16819772124290466, -0.15888257324695587, -0.14956742525100708, -0.1402522623538971, -0.1309371143579483, -0.12162196636199951, -0.11230681836605072, -0.10299166291952133, -0.09367650747299194, -0.08436135947704315, -0.07504621148109436, -0.06573105603456497, -0.056415900588035583, -0.04710075259208679, -0.0377856008708477, -0.028470449149608612, -0.019155297428369522, -0.009840145707130432, -0.0005249939858913422, 0.008790157735347748, 0.018105313181877136, 0.027420461177825928, 0.03673561289906502, 0.04605076462030411, 0.0553659163415432, 0.06468106806278229, 0.07399621605873108, 0.08331137150526047, 0.09262652695178986, 0.10194167494773865, 0.11125682294368744, 0.12057197839021683, 0.12988713383674622, 0.139202281832695, 0.1485174298286438, 0.15783259272575378, 0.16714774072170258, 0.17646288871765137, 0.18577803671360016, 0.19509318470954895, 0.20440834760665894, 0.21372349560260773, 0.22303864359855652, 0.2323538064956665, 0.2416689544916153, 0.2509841024875641, 0.2602992653846741, 0.26961439847946167, 0.27892956137657166, 0.28824472427368164, 0.29755985736846924, 0.3068750202655792, 0.3161901831626892, 0.3255053162574768]}, "gradients/graph_1fc2.bias": {"_type": "histogram", "values": [1.0, 0.0, 0.0, 0.0, 0.0, 1.0, 0.0, 0.0, 0.0, 1.0, 0.0, 0.0, 1.0, 0.0, 1.0, 1.0, 1.0, 3.0, 0.0, 0.0, 0.0, 0.0, 2.0, 2.0, 2.0, 1.0, 4.0, 2.0, 2.0, 4.0, 3.0, 4.0, 3.0, 3.0, 10.0, 4.0, 4.0, 4.0, 0.0, 3.0, 1.0, 1.0, 1.0, 2.0, 2.0, 1.0, 1.0, 1.0, 0.0, 1.0, 2.0, 2.0, 0.0, 0.0, 0.0, 0.0, 0.0, 0.0, 0.0, 0.0, 0.0, 1.0, 0.0, 1.0], "bins": [-0.04553922265768051, -0.04422792047262192, -0.042916614562273026, -0.04160531237721443, -0.04029400646686554, -0.038982704281806946, -0.03767140209674835, -0.03636009618639946, -0.03504879027605057, -0.033737488090991974, -0.03242618218064308, -0.031114879995584488, -0.029803574085235596, -0.028492271900177002, -0.02718096785247326, -0.025869663804769516, -0.024558361619710922, -0.02324705757200718, -0.021935753524303436, -0.020624451339244843, -0.01931314542889595, -0.018001843243837357, -0.016690539196133614, -0.01537923514842987, -0.014067931100726128, -0.012756627053022385, -0.011445323005318642, -0.010134019888937473, -0.00882271584123373, -0.007511411793529987, -0.006200108677148819, -0.004888804629445076, -0.003577500581741333, -0.0022661967668682337, -0.0009548929519951344, 0.0003564106300473213, 0.0016677146777510643, 0.0029790187254548073, 0.004290321841835976, 0.005601625889539719, 0.006912929937243462, 0.008224233984947205, 0.009535538032650948, 0.010846841149032116, 0.012158145196735859, 0.013469449244439602, 0.01478075236082077, 0.016092056408524513, 0.017403360456228256, 0.018714664503932, 0.020025968551635742, 0.021337270736694336, 0.022648576647043228, 0.023959878832101822, 0.025271182879805565, 0.026582486927509308, 0.02789379097521305, 0.029205095022916794, 0.030516399070620537, 0.03182770311832428, 0.033139005303382874, 0.034450311213731766, 0.03576161339879036, 0.03707291930913925, 0.038384221494197845]}, "gradients/graph_1fc2.weight": {"_type": "histogram", "values": [1.0, 2.0, 0.0, 1.0, 0.0, 1.0, 1.0, 2.0, 3.0, 6.0, 6.0, 3.0, 3.0, 4.0, 6.0, 8.0, 14.0, 11.0, 14.0, 17.0, 22.0, 29.0, 38.0, 51.0, 63.0, 67.0, 82.0, 116.0, 137.0, 164.0, 228.0, 285.0, 419.0, 636.0, 1108.0, 4113.0, 685.0, 430.0, 287.0, 192.0, 190.0, 128.0, 105.0, 82.0, 75.0, 49.0, 34.0, 33.0, 28.0, 18.0, 19.0, 13.0, 13.0, 12.0, 4.0, 5.0, 1.0, 5.0, 2.0, 2.0, 0.0, 4.0, 1.0, 2.0], "bins": [-0.13655000925064087, -0.1326705515384674, -0.12879110872745514, -0.12491165846586227, -0.12103220820426941, -0.11715275049209595, -0.11327330023050308, -0.10939384996891022, -0.10551439970731735, -0.10163494944572449, -0.09775549918413162, -0.09387604892253876, -0.0899965912103653, -0.08611714839935303, -0.08223769068717957, -0.0783582404255867, -0.07447879016399384, -0.07059933990240097, -0.0667198896408081, -0.06284043937921524, -0.05896098539233208, -0.05508153513073921, -0.05120208114385605, -0.047322630882263184, -0.04344318062067032, -0.039563730359077454, -0.03568428009748459, -0.031804826110601425, -0.02792537584900856, -0.024045925587415695, -0.02016647346317768, -0.016287021338939667, -0.012407578527927399, -0.008528127335011959, -0.0046486761420965195, -0.0007692249491810799, 0.0031102262437343597, 0.006989676505327225, 0.010869128629565239, 0.014748580753803253, 0.018628031015396118, 0.022507481276988983, 0.026386933401226997, 0.03026638552546501, 0.03414583578705788, 0.03802528604865074, 0.041904740035533905, 0.04578419029712677, 0.049663640558719635, 0.0535430908203125, 0.057422541081905365, 0.06130199506878853, 0.06518144905567169, 0.06906089186668396, 0.07294034957885742, 0.07681979984045029, 0.08069925010204315, 0.08457870036363602, 0.08845815062522888, 0.09233760088682175, 0.09621705114841461, 0.10009650886058807, 0.10397595912218094, 0.1078554093837738, 0.11173485964536667]}, "gradients/graph_1fc1.bias": {"_type": "histogram", "values": [2.0, 0.0, 1.0, 0.0, 0.0, 2.0, 0.0, 0.0, 2.0, 0.0, 1.0, 2.0, 2.0, 2.0, 4.0, 4.0, 1.0, 3.0, 3.0, 2.0, 2.0, 4.0, 3.0, 4.0, 5.0, 4.0, 1.0, 6.0, 12.0, 7.0, 4.0, 8.0, 2.0, 4.0, 2.0, 0.0, 1.0, 2.0, 2.0, 6.0, 0.0, 2.0, 4.0, 1.0, 0.0, 0.0, 0.0, 0.0, 0.0, 0.0, 0.0, 1.0, 0.0, 0.0, 0.0, 0.0, 0.0, 0.0, 1.0, 0.0, 0.0, 0.0, 0.0, 1.0],