{"epoch": 2, "loss": 1.1476973295211792, "_timestamp": 1671779078.8808303, "_runtime": 4495.245027303696, "_step": 15007, "gradients/fc3.bias": {"_type": "histogram", "values": [1.0, 0.0, 0.0, 0.0, 0.0, 0.0, 0.0, 0.0, 0.0, 1.0, 0.0, 0.0, 0.0, 0.0, 0.0, 0.0, 0.0, 0.0, 0.0, 0.0, 0.0, 1.0, 0.0, 0.0, 0.0, 0.0, 0.0, 0.0, 1.0, 0.0, 0.0, 0.0, 0.0, 1.0, 0.0, 0.0, 0.0, 1.0, 1.0, 0.0, 0.0, 0.0, 0.0, 0.0, 0.0, 0.0, 0.0, 0.0, 1.0, 0.0, 0.0, 1.0, 0.0, 0.0, 0.0, 0.0, 0.0, 0.0, 0.0, 0.0, 0.0, 0.0, 0.0, 1.0], "bins": [-0.15905004739761353, -0.1542734056711197, -0.14949677884578705, -0.1447201371192932, -0.13994351029396057, -0.13516686856746674, -0.1303902268409729, -0.12561360001564026, -0.12083695828914642, -0.11606032401323318, -0.11128368973731995, -0.10650704801082611, -0.10173041373491287, -0.09695377945899963, -0.0921771377325058, -0.08740050345659256, -0.08262386918067932, -0.07784723490476608, -0.07307060062885284, -0.06829395890235901, -0.06351732462644577, -0.05874069035053253, -0.053964052349328995, -0.04918741434812546, -0.04441078007221222, -0.03963414579629898, -0.034857507795095444, -0.030080871656537056, -0.025304235517978668, -0.02052759937942028, -0.015750963240861893, -0.010974325239658356, -0.006197676062583923, -0.0014210399240255356, 0.003355596214532852, 0.00813223235309124, 0.012908868491649628, 0.017685504630208015, 0.022462140768766403, 0.02723877876996994, 0.03201541304588318, 0.03679204732179642, 0.041568685322999954, 0.04634532332420349, 0.05112195760011673, 0.05589859187602997, 0.060675229877233505, 0.06545186787843704, 0.07022850215435028, 0.07500513643026352, 0.07978177070617676, 0.0845584124326706, 0.08933504670858383, 0.09411168098449707, 0.0988883227109909, 0.10366495698690414, 0.10844159126281738, 0.11321822553873062, 0.11799485981464386, 0.1227715015411377, 0.12754812836647034, 0.13232477009296417, 0.137101411819458, 0.14187803864479065, 0.14665468037128448]}, "gradients/fc3.weight": {"_type": "histogram", "values": [1.0, 0.0, 0.0, 0.0, 0.0, 0.0, 0.0, 1.0, 0.0, 0.0, 2.0, 0.0, 0.0, 1.0, 1.0, 2.0, 0.0, 3.0, 2.0, 0.0, 3.0, 3.0, 5.0, 4.0, 8.0, 9.0, 8.0, 9.0, 16.0, 12.0, 19.0, 19.0, 20.0, 28.0, 271.0, 176.0, 75.0, 38.0, 27.0, 23.0, 10.0, 7.0, 5.0, 10.0, 3.0, 1.0, 4.0, 1.0, 3.0, 3.0, 0.0, 0.0, 1.0, 0.0, 1.0, 0.0, 0.0, 0.0, 1.0, 2.0, 0.0, 1.0, 0.0, 1.0], "bins": [-0.413848876953125, -0.40192899107933044, -0.3900090754032135, -0.37808918952941895, -0.366169273853302, -0.35424938797950745, -0.3423295021057129, -0.33040958642959595, -0.318489670753479, -0.30656978487968445, -0.2946498692035675, -0.28272998332977295, -0.270810067653656, -0.25889018177986145, -0.2469702810049057, -0.23505038022994995, -0.2231304943561554, -0.21121059358119965, -0.1992906928062439, -0.18737080693244934, -0.1754508912563324, -0.16353100538253784, -0.1516111046075821, -0.13969120383262634, -0.1277713030576706, -0.11585140228271484, -0.1039315015077591, -0.09201160818338394, -0.08009170740842819, -0.06817180663347244, -0.05625191330909729, -0.04433201253414154, -0.0324120819568634, -0.020492183044552803, -0.008572284132242203, 0.0033476129174232483, 0.015267513692378998, 0.027187414467334747, 0.0391073077917099, 0.05102720856666565, 0.0629471093416214, 0.07486701011657715, 0.0867869108915329, 0.09870680421590805, 0.1106267049908638, 0.12254660576581955, 0.1344664990901947, 0.14638639986515045, 0.1583063006401062, 0.17022620141506195, 0.1821461021900177, 0.19406598806381226, 0.2059859037399292, 0.21790578961372375, 0.2298256903886795, 0.24174559116363525, 0.2536655068397522, 0.26558539271354675, 0.2775053083896637, 0.28942519426345825, 0.3013451099395752, 0.31326499581336975, 0.3251848816871643, 0.33710479736328125, 0.3490246832370758]}, "gradients/fc2.bias": {"_type": "histogram", "values": [1.0, 0.0, 0.0, 1.0, 1.0, 0.0, 0.0, 0.0, 0.0, 0.0, 0.0, 0.0, 3.0, 1.0, 0.0, 1.0, 2.0, 0.0, 2.0, 3.0, 2.0, 6.0, 1.0, 3.0, 3.0, 4.0, 13.0, 2.0, 4.0, 3.0, 3.0, 3.0, 5.0, 1.0, 4.0, 1.0, 1.0, 0.0, 0.0, 0.0, 1.0, 1.0, 0.0, 0.0, 0.0, 1.0, 2.0, 0.0, 1.0, 0.0, 0.0, 1.0, 1.0, 0.0, 0.0, 0.0, 0.0, 0.0, 0.0, 0.0, 0.0, 0.0, 0.0, 2.0], "bins": [-0.06080923601984978, -0.058556124567985535, -0.05630301311612129, -0.05404990166425705, -0.051796793937683105, -0.04954368248581886, -0.04729057103395462, -0.045037463307380676, -0.042784348130226135, -0.04053123667836189, -0.03827812522649765, -0.036025017499923706, -0.033771906048059464, -0.03151879459619522, -0.02926568314433098, -0.027012573555111885, -0.024759463965892792, -0.02250635251402855, -0.020253242924809456, -0.018000131472945213, -0.01574702188372612, -0.013493910431861877, -0.011240798979997635, -0.008987689390778542, -0.006734577938914299, -0.004481467418372631, -0.002228356432169676, 2.475455403327942e-05, 0.0022778650745749474, 0.004530975595116615, 0.006784087046980858, 0.009037196636199951, 0.011290304362773895, 0.013543414883315563, 0.01579652540385723, 0.018049636855721474, 0.020302746444940567, 0.02255585789680481, 0.024808969348669052, 0.027062078937888145, 0.029315190389752388, 0.03156829997897148, 0.033821411430835724, 0.036074522882699966, 0.03832763433456421, 0.04058074206113815, 0.042833857238292694, 0.04508696496486664, 0.04734007641673088, 0.04959318786859512, 0.051846299320459366, 0.05409941077232361, 0.05635251849889755, 0.058605629950761795, 0.06085874140262604, 0.06311184912919998, 0.06536496430635452, 0.06761807203292847, 0.06987118721008301, 0.07212429493665695, 0.07437741011381149, 0.07663051784038544, 0.07888363301753998, 0.08113674074411392, 0.08338984847068787]}, "gradients/fc2.weight": {"_type": "histogram", "values": [1.0, 0.0, 0.0, 0.0, 0.0, 0.0, 0.0, 2.0, 0.0, 3.0, 3.0, 4.0, 4.0, 4.0, 4.0, 17.0, 18.0, 20.0, 33.0, 27.0, 49.0, 62.0, 86.0, 131.0, 211.0, 359.0, 694.0, 5175.0, 1458.0, 630.0, 351.0, 233.0, 149.0, 94.0, 71.0, 41.0, 27.0, 23.0, 18.0, 19.0, 10.0, 10.0, 3.0, 7.0, 4.0, 6.0, 7.0, 1.0, 4.0, 3.0, 0.0, 1.0, 1.0, 0.0, 0.0, 1.0, 0.0, 0.0, 0.0, 0.0, 0.0, 0.0, 0.0, 1.0], "bins": [-0.2047966867685318, -0.1974414587020874, -0.1900862157344818, -0.18273098766803741, -0.17537575960159302, -0.16802053153514862, -0.16066530346870422, -0.15331006050109863, -0.14595483243465424, -0.13859960436820984, -0.13124436140060425, -0.12388913333415985, -0.11653390526771545, -0.10917867720127106, -0.10182344168424606, -0.09446820616722107, -0.08711297810077667, -0.07975775003433228, -0.07240251451730728, -0.06504727900028229, -0.05769205093383789, -0.050336819142103195, -0.0429815873503685, -0.035626355558633804, -0.02827112376689911, -0.020915891975164413, -0.013560660183429718, -0.006205428391695023, 0.0011498034000396729, 0.008505035191774368, 0.015860266983509064, 0.02321549877524376, 0.03057071566581726, 0.037925947457551956, 0.04528117924928665, 0.05263641104102135, 0.05999164283275604, 0.06734687089920044, 0.07470210641622543, 0.08205734193325043, 0.08941256999969482, 0.09676779806613922, 0.10412303358316422, 0.11147826910018921, 0.1188334971666336, 0.126188725233078, 0.1335439682006836, 0.140899196267128, 0.1482544243335724, 0.15560965240001678, 0.16296488046646118, 0.17032012343406677, 0.17767535150051117, 0.18503057956695557, 0.19238582253456116, 0.19974105060100555, 0.20709627866744995, 0.21445150673389435, 0.22180673480033875, 0.22916197776794434, 0.23651720583438873, 0.24387243390083313, 0.2512276768684387, 0.2585828900337219, 0.2659381330013275]}, "gradients/fc1.bias": {"_type": "histogram", "values": [1.0, 0.0, 0.0, 0.0, 0.0, 2.0, 0.0, 1.0, 1.0, 0.0, 2.0, 2.0, 1.0, 2.0, 5.0, 1.0, 1.0, 2.0, 2.0, 1.0, 4.0, 3.0, 5.0, 2.0, 2.0, 2.0, 6.0, 5.0, 6.0, 11.0, 4.0, 5.0, 2.0, 4.0, 3.0, 2.0, 6.0, 1.0, 0.0, 4.0, 1.0, 4.0, 2.0, 0.0, 0.0, 0.0, 1.0, 1.0, 1.0, 0.0, 0.0, 1.0, 1.0, 0.0, 1.0, 0.0, 1.0, 0.0, 1.0, 0.0, 3.0, 0.0, 0.0, 1.0],