{"epoch": 2, "loss": 0.6429508328437805, "_timestamp": 1671768238.0216444, "_runtime": 207.10116338729858, "_step": 14999, "gradients/fc3.bias": {"_type": "histogram", "values": [1.0, 0.0, 0.0, 1.0, 0.0, 0.0, 0.0, 0.0, 0.0, 0.0, 0.0, 0.0, 0.0, 0.0, 0.0, 0.0, 0.0, 0.0, 0.0, 0.0, 1.0, 0.0, 0.0, 0.0, 0.0, 0.0, 0.0, 0.0, 0.0, 0.0, 0.0, 0.0, 0.0, 0.0, 0.0, 1.0, 0.0, 0.0, 0.0, 0.0, 3.0, 0.0, 1.0, 0.0, 0.0, 0.0, 0.0, 0.0, 0.0, 0.0, 1.0, 0.0, 0.0, 0.0, 0.0, 0.0, 0.0, 0.0, 0.0, 0.0, 0.0, 0.0, 0.0, 1.0], "bins": [-0.12290704250335693, -0.1192721500992775, -0.11563725769519806, -0.11200235784053802, -0.10836746543645859, -0.10473257303237915, -0.10109768062829971, -0.09746278822422028, -0.09382788836956024, -0.0901929959654808, -0.08655810356140137, -0.08292320370674133, -0.0792883113026619, -0.07565341889858246, -0.07201852649450302, -0.06838363409042358, -0.06474873423576355, -0.06111384183168411, -0.05747894570231438, -0.05384405329823494, -0.050209157168865204, -0.04657426476478577, -0.04293937236070633, -0.039304476231336594, -0.035669587552547455, -0.03203469514846802, -0.028399799019098282, -0.024764906615018845, -0.02113001048564911, -0.01749511808156967, -0.013860223814845085, -0.010225329548120499, -0.006590433418750763, -0.00295553938485682, 0.0006793546490371227, 0.004314248450100422, 0.007949142716825008, 0.01158403605222702, 0.015218930318951607, 0.018853824585676193, 0.02248871885240078, 0.026123613119125366, 0.029758507385849953, 0.03339340165257454, 0.037028294056653976, 0.04066319018602371, 0.04429808259010315, 0.04793297499418259, 0.05156787112355232, 0.05520276352763176, 0.058837659657001495, 0.06247255206108093, 0.06610744446516037, 0.06974233686923981, 0.07337723672389984, 0.07701212912797928, 0.08064702153205872, 0.08428191393613815, 0.08791680634021759, 0.09155170619487762, 0.09518659859895706, 0.0988214910030365, 0.10245638340711594, 0.10609127581119537, 0.10972617566585541]}, "gradients/fc3.weight": {"_type": "histogram", "values": [3.0, 0.0, 0.0, 0.0, 0.0, 1.0, 0.0, 0.0, 1.0, 1.0, 2.0, 0.0, 1.0, 1.0, 2.0, 2.0, 2.0, 0.0, 2.0, 2.0, 2.0, 2.0, 3.0, 3.0, 5.0, 7.0, 11.0, 11.0, 8.0, 7.0, 11.0, 16.0, 15.0, 20.0, 23.0, 39.0, 309.0, 103.0, 63.0, 48.0, 34.0, 17.0, 11.0, 13.0, 6.0, 4.0, 8.0, 4.0, 2.0, 3.0, 2.0, 0.0, 2.0, 1.0, 1.0, 0.0, 2.0, 0.0, 0.0, 0.0, 1.0, 2.0, 0.0, 1.0], "bins": [-0.3052009344100952, -0.2967829406261444, -0.2883649468421936, -0.2799469530582428, -0.271528959274292, -0.2631109356880188, -0.254692941904068, -0.2462749481201172, -0.23785695433616638, -0.22943896055221558, -0.22102096676826477, -0.21260295808315277, -0.20418496429920197, -0.19576697051525116, -0.18734896183013916, -0.17893096804618835, -0.17051297426223755, -0.16209498047828674, -0.15367698669433594, -0.14525897800922394, -0.13684098422527313, -0.12842299044132233, -0.12000498920679092, -0.11158698797225952, -0.10316899418830872, -0.09475100040435791, -0.08633299916982651, -0.0779149979352951, -0.0694970041513443, -0.061079006642103195, -0.05266100913286209, -0.04424301162362099, -0.03582499921321869, -0.027407001703977585, -0.01898900419473648, -0.010571006685495377, -0.0021530091762542725, 0.006264988332986832, 0.014682985842227936, 0.02310098335146904, 0.031518980860710144, 0.03993697836995125, 0.04835497587919235, 0.056772973388433456, 0.06519097089767456, 0.07360896468162537, 0.08202696591615677, 0.09044496715068817, 0.09886296093463898, 0.10728095471858978, 0.11569895595312119, 0.12411695718765259, 0.1325349509716034, 0.1409529447555542, 0.149370938539505, 0.157788947224617, 0.1662069410085678, 0.17462493479251862, 0.18304294347763062, 0.19146093726158142, 0.19987893104553223, 0.20829692482948303, 0.21671491861343384, 0.22513292729854584, 0.23355092108249664]}, "gradients/fc2.bias": {"_type": "histogram", "values": [1.0, 0.0, 0.0, 0.0, 0.0, 0.0, 0.0, 0.0, 0.0, 0.0, 0.0, 0.0, 1.0, 0.0, 0.0, 1.0, 0.0, 0.0, 1.0, 1.0, 0.0, 1.0, 2.0, 2.0, 1.0, 3.0, 2.0, 2.0, 2.0, 1.0, 1.0, 1.0, 1.0, 4.0, 8.0, 4.0, 11.0, 2.0, 3.0, 3.0, 4.0, 3.0, 0.0, 3.0, 1.0, 0.0, 0.0, 1.0, 3.0, 2.0, 2.0, 1.0, 0.0, 1.0, 2.0, 1.0, 0.0, 0.0, 0.0, 0.0, 0.0, 0.0, 0.0, 1.0], "bins": [-0.0728287622332573, -0.07083704322576523, -0.06884532421827316, -0.0668536126613617, -0.06486189365386963, -0.06287017464637756, -0.0608784556388855, -0.05888673663139343, -0.056895021349191666, -0.0549033023416996, -0.05291158705949783, -0.05091986805200577, -0.0489281490445137, -0.046936433762311935, -0.04494471475481987, -0.0429529994726181, -0.04096128046512604, -0.03896956145763397, -0.036977846175432205, -0.03498612716794014, -0.03299441188573837, -0.031002692878246307, -0.029010973870754242, -0.027019256725907326, -0.02502753958106041, -0.023035822436213493, -0.021044105291366577, -0.01905238628387451, -0.017060669139027596, -0.01506895199418068, -0.013077233918011189, -0.011085515841841698, -0.009093794971704483, -0.0071020773611962795, -0.005110359750688076, -0.0031186421401798725, -0.001126924529671669, 0.0008647926151752472, 0.002856510691344738, 0.004848228767514229, 0.006839945912361145, 0.008831663057208061, 0.010823381133377552, 0.012815099209547043, 0.014806816354393959, 0.016798533499240875, 0.01879025250673294, 0.020781969651579857, 0.022773686796426773, 0.02476540394127369, 0.026757121086120605, 0.02874884009361267, 0.030740557238459587, 0.0327322743833065, 0.03472399339079857, 0.036715708673000336, 0.0387074276804924, 0.04069914668798447, 0.042690861970186234, 0.0446825809776783, 0.046674296259880066, 0.04866601526737213, 0.0506577342748642, 0.05264945328235626, 0.05464116856455803]}, "gradients/fc2.weight": {"_type": "histogram", "values": [1.0, 0.0, 0.0, 0.0, 0.0, 0.0, 0.0, 0.0, 1.0, 1.0, 1.0, 0.0, 3.0, 3.0, 3.0, 3.0, 4.0, 1.0, 5.0, 3.0, 6.0, 5.0, 9.0, 19.0, 18.0, 33.0, 33.0, 29.0, 44.0, 60.0, 83.0, 90.0, 137.0, 195.0, 225.0, 358.0, 567.0, 1099.0, 4497.0, 843.0, 423.0, 326.0, 208.0, 173.0, 128.0, 100.0, 75.0, 55.0, 51.0, 34.0, 22.0, 26.0, 21.0, 23.0, 11.0, 3.0, 6.0, 3.0, 4.0, 4.0, 2.0, 0.0, 2.0, 1.0], "bins": [-0.16902126371860504, -0.16462063789367676, -0.16022001206874847, -0.155819371342659, -0.1514187455177307, -0.14701811969280243, -0.14261749386787415, -0.13821685314178467, -0.13381622731685638, -0.1294156014919281, -0.12501497566699982, -0.12061434239149094, -0.11621370911598206, -0.11181308329105377, -0.10741245746612549, -0.10301182419061661, -0.09861119836568832, -0.09421057254076004, -0.08980993926525116, -0.08540931344032288, -0.081008680164814, -0.07660805433988571, -0.07220742106437683, -0.06780679523944855, -0.06340616941452026, -0.05900553986430168, -0.0546049103140831, -0.050204284489154816, -0.045803651213645935, -0.04140302538871765, -0.03700239583849907, -0.03260176628828049, -0.028201133012771606, -0.023800503462553024, -0.019399873912334442, -0.01499924622476101, -0.010598616674542427, -0.006197987124323845, -0.001797359436750412, 0.00260327011346817, 0.007003899663686752, 0.011404529213905334, 0.015805158764123917, 0.02020578645169735, 0.02460641600191593, 0.029007045552134514, 0.03340767323970795, 0.03780830278992653, 0.04220893234014511, 0.04660956189036369, 0.051010191440582275, 0.05541081726551056, 0.05981145054101944, 0.06421207636594772, 0.0686127096414566, 0.07301333546638489, 0.07741396129131317, 0.08181458711624146, 0.08621522039175034, 0.09061584621667862, 0.0950164794921875, 0.09941710531711578, 0.10381773114204407, 0.10821836441755295, 0.11261899769306183]}, "gradients/fc1.bias": {"_type": "histogram", "values": [1.0, 0.0, 0.0, 0.0, 0.0, 0.0, 0.0, 0.0, 0.0, 0.0, 0.0, 0.0, 0.0, 0.0, 0.0, 0.0, 0.0, 0.0, 1.0, 1.0, 1.0, 0.0, 1.0, 3.0, 1.0, 1.0, 1.0, 4.0, 4.0, 3.0, 2.0, 3.0, 2.0, 0.0, 3.0, 8.0, 10.0, 19.0, 4.0, 11.0, 4.0, 5.0, 3.0, 5.0, 1.0, 2.0, 4.0, 3.0, 0.0, 3.0, 2.0, 0.0, 1.0, 0.0, 2.0, 0.0, 0.0, 0.0, 0.0, 0.0, 0.0, 0.0, 0.0, 1.0],