{"epoch": 2, "loss": 1.1020281314849854, "_timestamp": 1671765218.8068337, "_runtime": 193.4980788230896, "_step": 15009, "gradients/fc3.bias": {"_type": "histogram", "values": [1.0, 0.0, 1.0, 0.0, 0.0, 0.0, 0.0, 1.0, 0.0, 0.0, 1.0, 0.0, 0.0, 0.0, 0.0, 0.0, 0.0, 0.0, 0.0, 0.0, 0.0, 0.0, 0.0, 0.0, 0.0, 0.0, 0.0, 0.0, 0.0, 0.0, 0.0, 1.0, 0.0, 0.0, 1.0, 0.0, 0.0, 0.0, 0.0, 0.0, 0.0, 0.0, 0.0, 0.0, 1.0, 0.0, 0.0, 0.0, 1.0, 0.0, 1.0, 0.0, 0.0, 0.0, 0.0, 0.0, 0.0, 0.0, 0.0, 0.0, 0.0, 0.0, 0.0, 1.0], "bins": [-0.10296769440174103, -0.09946334362030029, -0.09595900028944016, -0.09245464950799942, -0.08895029872655869, -0.08544595539569855, -0.08194160461425781, -0.07843725383281708, -0.07493290305137634, -0.07142855226993561, -0.06792420893907547, -0.06441985815763474, -0.060915507376194, -0.057411160320043564, -0.05390681326389313, -0.05040246248245239, -0.046898119151592255, -0.04339377209544182, -0.03988942131400108, -0.03638507425785065, -0.03288072347640991, -0.029376376420259476, -0.02587202936410904, -0.022367680445313454, -0.018863331526517868, -0.015358982607722282, -0.011854634620249271, -0.00835028663277626, -0.004845937713980675, -0.0013415887951850891, 0.0021627582609653473, 0.005667107179760933, 0.009171463549137115, 0.012675812467932701, 0.016180161386728287, 0.019684508442878723, 0.02318885736167431, 0.026693206280469894, 0.03019755333662033, 0.033701904118061066, 0.0372062511742115, 0.04071059823036194, 0.04421494901180267, 0.04771929606795311, 0.051223643124103546, 0.05472799390554428, 0.05823234096169472, 0.061736688017845154, 0.06524103879928589, 0.06874538958072662, 0.07224973291158676, 0.0757540836930275, 0.07925843447446823, 0.08276277780532837, 0.0862671285867691, 0.08977147936820984, 0.09327583014965057, 0.09678018093109131, 0.10028452426195145, 0.10378887504339218, 0.10729322582483292, 0.11079756915569305, 0.11430191993713379, 0.11780627071857452, 0.12131061404943466]}, "gradients/fc3.weight": {"_type": "histogram", "values": [1.0, 0.0, 1.0, 0.0, 1.0, 0.0, 0.0, 1.0, 2.0, 2.0, 0.0, 1.0, 2.0, 1.0, 2.0, 1.0, 2.0, 2.0, 2.0, 5.0, 3.0, 5.0, 4.0, 6.0, 7.0, 6.0, 7.0, 9.0, 17.0, 19.0, 22.0, 14.0, 21.0, 33.0, 45.0, 304.0, 84.0, 43.0, 36.0, 19.0, 18.0, 20.0, 14.0, 11.0, 11.0, 5.0, 3.0, 4.0, 6.0, 3.0, 3.0, 1.0, 2.0, 2.0, 1.0, 0.0, 3.0, 1.0, 0.0, 0.0, 0.0, 1.0, 0.0, 1.0], "bins": [-0.28786686062812805, -0.2796685993671417, -0.2714703381061554, -0.26327207684516907, -0.25507381558418274, -0.2468755692243576, -0.23867730796337128, -0.23047904670238495, -0.22228080034255981, -0.2140825390815735, -0.20588427782058716, -0.19768601655960083, -0.1894877701997757, -0.18128950893878937, -0.17309124767780304, -0.1648929864168167, -0.15669472515583038, -0.14849646389484406, -0.14029820263385773, -0.1320999562740326, -0.12390169501304626, -0.11570343375205994, -0.10750517249107361, -0.09930691123008728, -0.09110865741968155, -0.08291039615869522, -0.07471214234828949, -0.06651388108730316, -0.05831562355160713, -0.0501173660159111, -0.041919104754924774, -0.033720847219228745, -0.02552257478237152, -0.01732431724667549, -0.009126057848334312, -0.0009277984499931335, 0.007270459085702896, 0.015468716621398926, 0.023666977882385254, 0.031865235418081284, 0.04006349295377731, 0.04826175048947334, 0.05646000802516937, 0.0646582692861557, 0.07285653054714203, 0.08105478435754776, 0.08925304561853409, 0.09745129942893982, 0.10564956068992615, 0.11384782195091248, 0.1220460757613182, 0.13024434447288513, 0.13844259083271027, 0.1466408520936966, 0.15483911335468292, 0.16303737461566925, 0.17123562097549438, 0.1794338822364807, 0.18763214349746704, 0.19583040475845337, 0.2040286511182785, 0.21222691237926483, 0.22042517364025116, 0.2286234349012375, 0.23682169616222382]}, "gradients/fc2.bias": {"_type": "histogram", "values": [1.0, 1.0, 0.0, 0.0, 0.0, 0.0, 0.0, 0.0, 1.0, 1.0, 0.0, 0.0, 0.0, 0.0, 1.0, 0.0, 2.0, 2.0, 2.0, 2.0, 0.0, 1.0, 1.0, 3.0, 0.0, 4.0, 1.0, 1.0, 2.0, 4.0, 2.0, 3.0, 2.0, 14.0, 5.0, 3.0, 2.0, 2.0, 2.0, 2.0, 3.0, 0.0, 0.0, 0.0, 1.0, 2.0, 1.0, 1.0, 3.0, 0.0, 0.0, 0.0, 2.0, 0.0, 0.0, 1.0, 0.0, 1.0, 1.0, 0.0, 0.0, 0.0, 0.0, 1.0], "bins": [-0.06509166955947876, -0.06313915550708771, -0.061186645179986954, -0.0592341311275959, -0.05728161707520485, -0.055329106748104095, -0.05337659269571304, -0.05142407864332199, -0.04947156459093094, -0.047519050538539886, -0.04556654021143913, -0.04361402615904808, -0.04166151210665703, -0.039709001779556274, -0.03775648772716522, -0.03580397367477417, -0.033851463347673416, -0.031898949295282364, -0.02994643710553646, -0.027993924915790558, -0.026041410863399506, -0.024088898673653603, -0.0221363864839077, -0.020183872431516647, -0.018231360241770744, -0.01627884805202484, -0.014326333999633789, -0.012373821809887886, -0.010421308688819408, -0.00846879556775093, -0.006516283378005028, -0.00456377025693655, -0.002611253410577774, -0.0006587405223399401, 0.001293772365897894, 0.0032462850213050842, 0.005198798142373562, 0.0071513112634420395, 0.009103823453187943, 0.01105633657425642, 0.013008849695324898, 0.014961362816393375, 0.016913875937461853, 0.018866388127207756, 0.02081890031695366, 0.02277141436934471, 0.024723926559090614, 0.026676438748836517, 0.02862895280122757, 0.030581464990973473, 0.032533977180719376, 0.03448649123311043, 0.03643900528550148, 0.038391515612602234, 0.040344029664993286, 0.04229654371738434, 0.04424905776977539, 0.04620157182216644, 0.0481540821492672, 0.05010659620165825, 0.0520591102540493, 0.054011620581150055, 0.05596413463354111, 0.05791664868593216, 0.05986915901303291]}, "gradients/fc2.weight": {"_type": "histogram", "values": [2.0, 0.0, 0.0, 0.0, 1.0, 0.0, 0.0, 0.0, 0.0, 1.0, 0.0, 2.0, 0.0, 0.0, 2.0, 2.0, 3.0, 1.0, 2.0, 6.0, 10.0, 6.0, 8.0, 19.0, 15.0, 23.0, 31.0, 41.0, 49.0, 65.0, 100.0, 117.0, 178.0, 273.0, 399.0, 649.0, 4684.0, 1576.0, 640.0, 366.0, 232.0, 160.0, 101.0, 68.0, 58.0, 48.0, 29.0, 21.0, 17.0, 13.0, 11.0, 13.0, 8.0, 3.0, 6.0, 7.0, 4.0, 0.0, 4.0, 1.0, 2.0, 0.0, 1.0, 2.0], "bins": [-0.21708598732948303, -0.21121513843536377, -0.2053442895412445, -0.19947345554828644, -0.19360260665416718, -0.1877317577600479, -0.18186092376708984, -0.17599007487297058, -0.17011922597885132, -0.16424837708473206, -0.1583775281906128, -0.15250669419765472, -0.14663584530353546, -0.1407649964094162, -0.13489416241645813, -0.12902331352233887, -0.1231524646282196, -0.11728161573410034, -0.11141077429056168, -0.10553993284702301, -0.09966908395290375, -0.09379823505878448, -0.08792739361524582, -0.08205655217170715, -0.07618570327758789, -0.07031485438346863, -0.06444401293992996, -0.058573167771101, -0.052702322602272034, -0.04683147743344307, -0.040960632264614105, -0.03508978709578514, -0.02921895682811737, -0.023348111659288406, -0.017477266490459442, -0.011606421321630478, -0.005735576152801514, 0.00013526901602745056, 0.006006114184856415, 0.011876959353685379, 0.017747804522514343, 0.023618649691343307, 0.02948949486017227, 0.035360340029001236, 0.0412311851978302, 0.047102030366659164, 0.05297287553548813, 0.05884372070431709, 0.06471456587314606, 0.07058541476726532, 0.07645625621080399, 0.08232709765434265, 0.08819794654846191, 0.09406879544258118, 0.09993963688611984, 0.10581047832965851, 0.11168132722377777, 0.11755217611789703, 0.1234230175614357, 0.12929385900497437, 0.13516470789909363, 0.1410355567932129, 0.14690640568733215, 0.15277723968029022, 0.15864808857440948]}, "gradients/fc1.bias": {"_type": "histogram", "values": [1.0, 0.0, 0.0, 0.0, 0.0, 0.0, 0.0, 0.0, 0.0, 0.0, 0.0, 0.0, 1.0, 0.0, 1.0, 0.0, 0.0, 0.0, 0.0, 0.0, 1.0, 1.0, 0.0, 1.0, 2.0, 0.0, 2.0, 1.0, 4.0, 2.0, 0.0, 5.0, 7.0, 6.0, 5.0, 9.0, 8.0, 22.0, 8.0, 4.0, 4.0, 2.0, 1.0, 4.0, 1.0, 2.0, 1.0, 0.0, 0.0, 2.0, 1.0, 1.0, 0.0, 0.0, 1.0, 1.0, 2.0, 1.0, 0.0, 1.0, 1.0, 0.0, 0.0, 3.0],